<?xml version="1.0" encoding="UTF-8"?>
<beans  xmlns="http://www.springframework.org/schema/beans"
        xmlns:xsi="http://www.w3.org/2001/XMLSchema-instance"
        xmlns:context="http://www.springframework.org/schema/context"
        xsi:schemaLocation="http://www.springframework.org/schema/beans
        http://www.springframework.org/schema/beans/spring-beans.xsd
        http://www.springframework.org/schema/context
        http://www.springframework.org/schema/context/spring-context.xsd">

<context:property-placeholder location="classpath:Unit.properties"/>

    <bean id="gunBean_1"
          class="org.example.Bazuka"
          init-method="doMyInit"
          destroy-method="doMyDestroy"
    >
    </bean>
    <bean id="gunBean_2"
          class="org.example.Arbalet"
          init-method="doMyInit"
          destroy-method="doMyDestroy"
    >
    </bean>
   <bean id="unit" class="org.example.Unit" scope="singleton">
<property name="gunList">
    <list>
     <ref bean="gunBean_1"/>
     <ref bean="gunBean_1"/>
    </list>
</property>
   </bean>





           </beans>
