<?xml version="1.0" encoding="UTF-8"?>
<beans  xmlns="http://www.springframework.org/schema/beans"
        xmlns:xsi="http://www.w3.org/2001/XMLSchema-instance"
        xmlns:context="http://www.springframework.org/schema/context"
        xsi:schemaLocation="http://www.springframework.org/schema/beans
        http://www.springframework.org/schema/beans/spring-beans.xsd
        http://www.springframework.org/schema/context
        http://www.springframework.org/schema/context/spring-context.xsd">
<context:property-placeholder location="classpath:Unit.properties"/>
    <bean id="gunBean"
          class="org.example.Bazuka"
          init-method="doMyInit"
          destroy-method="doMyDestroy"
          factory-method="getBazuka"
    >
    </bean>
   <!--<bean id="unitBean" class="org.example.Unit" scope="prototype">
    <property name="gun" ref="gunBean"/>
      <property name="name" value="${Unit.name}"/>
       <property name="power" value="${Unit.power}"/>
   </bean>-->

    </beans>
